Workbook

Sheet 📌 تعليمات
A1: 📊 تمبلت متابعة ليدز ورش RS — مايو 2026
A3: الشيتات:
A4: 1️⃣ Daily Tracker — املا عدد الليدز اليومي لكل ورشة
A5: 2️⃣ Summary — ملخص شهري تلقائي (إجمالي + متوسط + أعلى/أقل + نسبة من الإجمالي)
A7: طريقة الاستخدام:
A8: • افتح Daily Tracker → دور على اليوم → اكتب عدد الليدز تحت كل ورشة
A9: • الإجمالي اليومي والإجمالي الشهري والمتوسطات بتتحسب لوحدها
A10: • عمود الملاحظات لأي تعليق على يوم معين (مثال: إعلان جديد اتطلق، يوم إجازة، حملة خصم...)
A11: • خانات الجمعة + السبت ملونة برتقالي خفيف عشان تفرقهم بصرياً
A12: • الـ Heatmap الملون بيظهر أيام الـ peak والأيام الضعيفة في كل ورشة
A14: الورش المتابَعة (من ملف المشروع):
A15: • المحاسب المالي
... A26: • لو ورشة معينة تخطت 25% من إجمالي الشهر → فكر تزود ميزانية إعلانها

Sheet Daily Tracker
A1: 📊 متابعة الليدز اليومية — RS — مايو 2026
A3: التاريخ | B3: اليوم | C3: المحاسب المالي | D3: Shamel Alex | E3: المحاسب الشامل | F3: خبير الضرائب | G3: Odoo محاسبة | H3: هندسة التكاليف | I3: المدير المالى | J3: القوائم المالية | K3: الاكسيل | L3: udemy | M3: التحليل المالي | N3: الإجمالي اليومي | O3: ملاحظات
A4: 46143 | B4: الجمعة | N4: =SUM(C4:M4) -> 0
A5: 46144 | B5: السبت | N5: =SUM(C5:M5) -> 0
A6: 46145 | B6: الأحد | N6: =SUM(C6:M6) -> 0
A7: 46146 | B7: الإثنين | N7: =SUM(C7:M7) -> 0
A8: 46147 | B8: الثلاثاء | N8: =SUM(C8:M8) -> 0
A9: 46148 | B9: الأربعاء | N9: =SUM(C9:M9) -> 0
A10: 46149 | B10: الخميس | N10: =SUM(C10:M10) -> 0
A11: 46150 | B11: الجمعة | N11: =SUM(C11:M11) -> 0
A12: 46151 | B12: السبت | N12: =SUM(C12:M12) -> 0
A13: 46152 | B13: الأحد | N13: =SUM(C13:M13) -> 0
A14: 46153 | B14: الإثنين | N14: =SUM(C14:M14) -> 0
A15: 46154 | B15: الثلاثاء | N15: =SUM(C15:M15) -> 0
... A34: 46173 | B34: الأحد | N34: =SUM(C34:M34) -> 0
A35: الإجمالي الشهري | C35: =SUM(C4:C34) -> 0 | E35: =SUM(E4:E34) -> 0 | F35: =SUM(F4:F34) -> 0 | G35: =SUM(G4:G34) -> 0 | H35: =SUM(H4:H34) -> 0 | I35: =SUM(I4:I34) -> 0 | J35: =SUM(J4:J34) -> 0 | K35: =SUM(K4:K34) -> 0 | L35: =SUM(L4:L34) -> 0 | M35: =SUM(M4:M34) -> 0 | N35: =SUM(C35:M35) -> 0
A36: المتوسط اليومي | C36: =IFERROR(ROUND(AVERAGE(C4:C34),1),0) -> 0 | E36: =IFERROR(ROUND(AVERAGE(E4:E34),1),0) -> 0 | F36: =IFERROR(ROUND(AVERAGE(F4:F34),1),0) -> 0 | G36: =IFERROR(ROUND(AVERAGE(G4:G34),1),0) -> 0 | H36: =IFERROR(ROUND(AVERAGE(H4:H34),1),0) -> 0 | I36: =IFERROR(ROUND(AVERAGE(I4:I34),1),0) -> 0 | J36: =IFERROR(ROUND(AVERAGE(J4:J34),1),0) -> 0 | K36: =IFERROR(ROUND(AVERAGE(K4:K34),1),0) -> 0 | L36: =IFERROR(ROUND(AVERAGE(L4:L34),1),0) -> 0 | M36: =IFERROR(ROUND(AVERAGE(M4:M34),1),0) -> 0 | N36: =IFERROR(ROUND(AVERAGE(C4:M34),1),0) -> 0
A37: أعلى يوم | C37: =IFERROR(MAX(C4:C34),0) -> 0 | E37: =IFERROR(MAX(E4:E34),0) -> 0 | F37: =IFERROR(MAX(F4:F34),0) -> 0 | G37: =IFERROR(MAX(G4:G34),0) -> 0 | H37: =IFERROR(MAX(H4:H34),0) -> 0 | I37: =IFERROR(MAX(I4:I34),0) -> 0 | J37: =IFERROR(MAX(J4:J34),0) -> 0 | K37: =IFERROR(MAX(K4:K34),0) -> 0 | L37: =IFERROR(MAX(L4:L34),0) -> 0 | ... N37: =IFERROR(MAX(N4:N34),0) -> 0
A38: أقل يوم | C38: =IFERROR(MIN(C4:C34),0) -> 0 | E38: =IFERROR(MIN(E4:E34),0) -> 0 | F38: =IFERROR(MIN(F4:F34),0) -> 0 | G38: =IFERROR(MIN(G4:G34),0) -> 0 | H38: =IFERROR(MIN(H4:H34),0) -> 0 | I38: =IFERROR(MIN(I4:I34),0) -> 0 | J38: =IFERROR(MIN(J4:J34),0) -> 0 | K38: =IFERROR(MIN(K4:K34),0) -> 0 | L38: =IFERROR(MIN(L4:L34),0) -> 0 | ... N38: =IFERROR(MIN(N4:N34),0) -> 0

Sheet Summary
A1: 📈 ملخص أداء الورش — مايو 2026
A3: الورشة | B3: إجمالي الليدز | C3: المتوسط اليومي | D3: أعلى يوم | E3: أقل يوم | F3: % من إجمالي الشهر
A4: المحاسب المالي | B4: =SUM('Daily Tracker'!C4:C34) -> 0 | C4: =IFERROR(ROUND(AVERAGE('Daily Tracker'!C4:C34),1),0) -> 0 | D4: =IFERROR(MAX('Daily Tracker'!C4:C34),0) -> 0 | E4: =IFERROR(MIN('Daily Tracker'!C4:C34),0) -> 0 | F4: =IFERROR(B4/$B10,0) -> 0
A5: المحاسب الشامل | B5: =SUM('Daily Tracker'!E4:E34) -> 0 | C5: =IFERROR(ROUND(AVERAGE('Daily Tracker'!E4:E34),1),0) -> 0 | D5: =IFERROR(MAX('Daily Tracker'!E4:E34),0) -> 0 | E5: =IFERROR(MIN('Daily Tracker'!E4:E34),0) -> 0 | F5: =IFERROR(B5/$B10,0) -> 0
A6: خبير الضرائب | B6: =SUM('Daily Tracker'!F4:F34) -> 0 | C6: =IFERROR(ROUND(AVERAGE('Daily Tracker'!F4:F34),1),0) -> 0 | D6: =IFERROR(MAX('Daily Tracker'!F4:F34),0) -> 0 | E6: =IFERROR(MIN('Daily Tracker'!F4:F34),0) -> 0 | F6: =IFERROR(B6/$B10,0) -> 0
A7: Odoo محاسبة | B7: =SUM('Daily Tracker'!G4:G34) -> 0 | C7: =IFERROR(ROUND(AVERAGE('Daily Tracker'!G4:G34),1),0) -> 0 | D7: =IFERROR(MAX('Daily Tracker'!G4:G34),0) -> 0 | E7: =IFERROR(MIN('Daily Tracker'!G4:G34),0) -> 0 | F7: =IFERROR(B7/$B10,0) -> 0
A8: هندسة التكاليف | B8: =SUM('Daily Tracker'!H4:H34) -> 0 | C8: =IFERROR(ROUND(AVERAGE('Daily Tracker'!H4:H34),1),0) -> 0 | D8: =IFERROR(MAX('Daily Tracker'!H4:H34),0) -> 0 | E8: =IFERROR(MIN('Daily Tracker'!H4:H34),0) -> 0 | F8: =IFERROR(B8/$B10,0) -> 0
A9: التحليل المالي | B9: =SUM('Daily Tracker'!M4:M34) -> 0 | C9: =IFERROR(ROUND(AVERAGE('Daily Tracker'!M4:M34),1),0) -> 0 | D9: =IFERROR(MAX('Daily Tracker'!M4:M34),0) -> 0 | E9: =IFERROR(MIN('Daily Tracker'!M4:M34),0) -> 0 | F9: =IFERROR(B9/$B10,0) -> 0
A10: الإجمالي | B10: =SUM(B4:B9) -> 0 | C10: =IFERROR(ROUND(AVERAGE(C4:C9),1),0) -> 0 | D10: =MAX(D4:D9) -> 0 | E10: =MIN(E4:E9) -> 0 | F10: =SUM(F4:F9) -> 0
